item;pagina;problema;assunto
"3612";"199";"Boletim/data não identificados";"INSTRUÇÕES DOS SERVIÇOS OPERACIONAIS PARA OFICIAIS E PRAÇAS ESPECIAIS - ALTERAÇÃO - NOTA CHEMG 175/2011"
"4873";"313";"Boletim/data não identificados";"NORMAS PARA PLANEJAMENTO E CONDUTA DA INSTRUÇÃO (NPCI/2013) - INTRODUÇÃO DOS PROCEDIMENTOS OPERACIONAIS PADRÃO NAS INSTRUÇÕES DE ADESTRAMENTO E TÉCNICO-PROFISSIONAIS."
"6507";"461";"Item sem assunto no livro original";""
"6845";"497";"Boletim/data não identificados";"NORMAS PARA PLANEJAMENTO E CONDUTA DA INSTRUÇÃO (NPCI/2018) - CIEB - RETIFICAÇÃO - NOTA DGO 400/2018"
"6846";"497";"Item sem assunto no livro original";""
"6847";"497";"Item sem assunto no livro original";""
"6848";"497";"Item sem assunto no livro original";""
"6849";"497";"Item sem assunto no livro original";""
"6850";"497";"Item sem assunto no livro original";""
"6851";"497";"Item sem assunto no livro original";""
"6852";"497";"Item sem assunto no livro original";""
"6853";"497";"Item sem assunto no livro original";""
"6918";"504";"Boletim/data não identificados";"ENVIO DE NOTA FISCAL DE COMBUSTÍVEL - DETERMINAÇÃO - NOTA DGAL/3 001/2019 14, de 22/01//2019"
"7237";"535";"Boletim/data não identificados";"REALIZAÇÃO DE UPLOAD DAS FOLHAS ESPECIAIS DA DIRETORIA GERAL DE SERVIÇOS TÉCNICOS - DETERMINAÇÃO - NOTA DGST 109/2019 82, de 08/05/20219"
"7300";"541";"Boletim/data não identificados";"PLANO TÁTICO OPERACIONAL PARA A PREVENÇÃO DA VISITA DO EXMO. SR. PRESIDENTE DA REPÚBLICA AO RIO DE JANEIRO - DETERMINAÇÃO - NOTA CHEMG 590/2019 103, de 06/06/02019"
"7491";"562";"Boletim/data não identificados";"DIRETORIA-GERAL DE COMANDO E CONTROLE OPERACIONAL - TRANSPORTE INTER HOSPITALAR NEONATAL E PEDIÁTRICO - PROCEDIMENTOS A SEREM ADOTADOS PELO CENTRO DE OPERAÇÕES DE ATENDIMENTO PRÉ-HOSPITALAR (COAPH) – TORNAR SEM EFEITO - NOTA CHEMG 1053/2019 185, de 03/010/2019"
"7517";"565";"Boletim/data não identificados";"ESTÁGIO BÁSICO DE MOTOCICLISTA (EBMOT II/2019) - INSTRUÇÕES REGULADORAS DE INSCRIÇÃO, SELEÇÃO E MATRÍCULA (IRISM) - NOTA DI/DIV.INST/EBMOT II 001/2019 208, de 06/011/2019"
"7540";"567";"Item sem assunto no livro original";""
"7576";"570";"Boletim/data não identificados";"PLANO DE CURSOS E ESTÁGIOS EM ÓRGÃOS DO MINISTÉRIO DA DEFESA (PCEF/2020) - CURSO EXPEDITO DE SOBREVIVÊNCIA NO MAR (SOBREMAR) - CENTRO DE ADESTRAMENTO ALMIRANTE MARQUES DE LEÃO (CAAML) - PROCESSO SELETIVO - INSTRUÇÕES REGULADORAS DA INSCRIÇÃO, SELEÇÃO E MATRÍCULA - NOTA DGEI/DIV. ENS. 117/2019 220, de 23/12/2019 LIVRO DE ORDENS 2020"
"538";"29";"Ato não identificado no assunto";"DIVISA DE ÁREAS OPERACIONAIS ENTRE OBM OPERACIONAIS - PUBLICAÇÕES PERIÓDICAS - NOTA EMG-BM/3-117, 120, 121 e 132/2002"
"590";"31";"Ato não identificado no assunto";"CREDENCIAMENTO DE MILITARES DO CONVÊNIO SEDEC/INFRAERO - DETERMINAÇÀO - CSA-003/2003"
"591";"31";"Ato não identificado no assunto";"NORMAS INTERNACIONAIS DE SEGURANÇA EM AERÓDROMOS - DETERMINAÇÀO - CSA-005/2003"
"689";"36";"Ato não identificado no assunto";"IDENTIFICAÇÃO DAS ESPECIALIDADES DO QUADRO DE OFICIAIS DE SAÚDE E DA QBMP/6 - DETERMINAÇÃO - NO TA EMG/CH 065/2004"
"692";"36";"Ato não identificado no assunto";"ALTERA O ATO NORMATIVO Nº 68, DE 22 ABR 2003, COM AS MODIFICAÇÕES DOS ATOS NORMATIVOS Nº 70, DE 24 JUN 2003 E Nº 72, DE 13 OUT 2003. - ATO NORMATIVO TCE Nº 74, DE 04 MAR 2004 (COMPETÊNCIA DA 6ª INSPETORIA-GERAL DE CONTROLE ESTADUAL - 6ª IGE EM RELAÇÃO AO FUNESBOM)"
"882";"47";"Ato não identificado no assunto";"USO DE UNIFORME - ORIENTAÇÃO - DETERMINAÇÃO - NOTA-GAB/SEDEC-610/2004"
"884";"47";"Ato não identificado no assunto";"PARTICIPAÇÃO DE INTEGRANTES DO CBMERJ EM EVENTOS PARTICULARES E MANIFESTAÇÕES JUNTO AOS ÓRGÃOS DE IMPRENSA - ALERTA AOS BOMBEIROS MILITARES - NOTA-GAB/SEDEC-697/2004"
"886";"47";"Ato não identificado no assunto";"GUARDA DO QCG - TRANSFERÊNCIA DE SUBORDINAÇÃO - DETERMINAÇÃO - NOTA-GAB/SEDEC-699/2004"
"890";"47";"Ato não identificado no assunto";"TAXA DE INCÊNDIO - ACESSO AO SISTEMA RTI (RECOLHIMENTO DA TAXA DE INCÊNDIO) - ATIVAÇÃO NAS OBM - NOTA-EMG/CH-310/2004"
"891";"47";"Ato não identificado no assunto";"APOIO OPERACIONAL - SOLICITAÇÃO PELO DBM - NOTA-COCBMERJ-095/2004"
"892";"47";"Ato não identificado no assunto";"ATENDIMENTO TELEFÔNICO NAS OBM - DETERMINAÇÃO - NOTA-COCBMERJ-097/2004"
"893";"47";"Ato não identificado no assunto";"COMUNICAÇÃO DE SAÍDA E REGRESSO DE SOCORRO AO COCBMERJ - DETERMINAÇÃO - NOTA-EMG/CH-310/2004"
"910";"48";"Ato não identificado no assunto";"DISPÕE SOBRE AS ATRIBUIÇÕES DA SECRETARIA-GERAL DE CONTROLE EXTERNO E DOS ÓRGÃOS A ELA VINCULADOS E DÁ OUTRAS PROVIDÊNCIAS - ATO NORMATIVO TCE Nº 77, DE 01 SET 2004"
"971";"51";"Ato não identificado no assunto";"DISPÕE SOBRE A ANULAÇÃO DA PORTARIA RIOPREVIDÊNCIA Nº 077, DE 16 DE SETEMBRO DE 2003, QUE DETERMINOU O CANCELAMENTO DA SUPLEMENTAÇÃO INTEGRAL DE APOSENTADORIA POR INVALIDEZ DE EX-PARTICIPANTES DA PREVI-BANERJ QUE SE APOSENTARAM COM INÍCIO DA LICENÇA MÉDICA APÓS A LIQUIDAÇÃO DAQUELA CAIXA DE PREVIDÊNCIA, EM CUMPRIMENTO AO DISPOSTO NO VERBETE DA SÚMULA DE JURISPRUDÊNCIA DO EGRÉGIO SUPREMO TRIBUNAL FEDERAL Nº 473, E DO ARTIGO 80 DA CONSTITUIÇÃO DO ESTADO DO RIO DE JANEIRO - PORTARIA RIOPREVIDÊNCIA Nº 089, DE 03 DE DEZEMBRO DE 2004"
"1021";"54";"Ato não identificado no assunto";"PROMOTORIA DE JUSTIÇA JUNTO À AUDITORIA DE JUSTIÇA MILITAR DO ESTADO DO RIO DE JANEIRO - PRORROGAÇÃO DE PRAZO - MODIFICAÇÃO - OFÍCIO RECEBIDO - NOTA/CI/SAD 031/2005"
"1096";"58";"Ato não identificado no assunto";"CONTROLE DE BENS PATRIMONIAIS - ORIENTAÇÃO À DIRIGENTES - NOTA/DIVISÃO DE PATRIMÔNIO MÓVEL 096/2005"
"1206";"64";"Ato não identificado no assunto";"EMENTA: GREVE NO SERVIÇO PÚBLICO. 1. SERVIDOR PÚBUCO CIVIL ART. 37, INCISO VII, DA CRPB. NORMA DE EFICÁCIA LIMITADA. PARALISAÇÃO ANTES DA EDIÇÃO DA LEI ESPECIFICA. FALTA, DESCONTO EM FOLHA E OUTRAS MEDIDAS ADMINISTRATIVAS: DISCRICIONARIEDADE ADMINISTRATIVA. 2. MILITARES. VEDAÇAO CONSTITUCIONAL EXPRESSA. CARÁTER VINCULADO DAS MEDIDAS ADMINISTRATIVAS DISCIPLINARES. - PARECER Nº 01/2005-FC, DE 30 JUN 2005"
"1208";"64";"Ato não identificado no assunto";"EMENTA: GREVE NO SERVIÇO PÚBLICO. 1. SERVIDOR PÚBLICO CIVIL ART. 37, INCISO VII, DA CRPB. NORMA DE EFICÁCIA LIMITADA. PARALISAÇÃO ANTES DA EDIÇÃO DA LEI ESPECÍFICA. FALTA, DESCONTO EM FOLHA E OUTRAS MEDIDAS ADMINISTRATIVAS: DISCRICIONARIEDADE ADMINISTRATIVA. 2. MILITARES. VEDAÇÃO CONSTITUCIONAL EXPRESSA. CARÁTER VINCULADO DAS MEDIDAS ADMINISTRATIVAS DISCIPLINARES. PARECER Nº 02/2005-FC, EM 30 DE JUNHO DE 2005"
"1325";"71";"Ato não identificado no assunto";"DISPÕE SOBRE A ALIENAÇÃO DE VEÍCULOS DAS EMPRESAS PÚBLICAS E DAS SOCIEDADES DE ECONOMIA MISTA ESTADUAIS, CONSIDERADOS INSERVÍVEIS NA FORMA QUE MENCIONA, E DÁ OUTRAS PROVIDÊNCIAS."
"1519";"81";"Ato não identificado no assunto";"ALTERA O ATO NORMATIVO Nº 80, DE 3 DE MARÇO DE 2005. - ATO NORMATIVO TCE Nº 084, DE 17 DE ABRIL DE 2006"
"1526";"81";"Ato não identificado no assunto";"AVISOS, EDITAIS E TERMOS DE CONTRATOS - SECRETARIA DE ESTADO DA DEFESA CIVIL - PÁGINAS 25 E 40 CORPO DE BOMBEIROS MILITAR DO ESTADO DO RIO DE JANEIRO - EDITAL - O COMANDANTE GERAL DO CORPO DE BOMBEIROS MILITAR DO ESTADO DO RIO DE JANEIRO, NO USO DE SUAS ATRIBUIÇÕES LEGAIS E TENDO EM VISTA O DISPOSTO NO PROCESSO ADMINISTRATIVO Nº E-27/0179/1000/2006, TORNA PÚBLICO O REGULAMENTO DO CONCURSO DE REDAÇÃO EM HOMENAGEM AOS 150 ANOS DO CORPO DE BOMBEIROS MILITAR DO ESTADO DO RIO DE JANEIRO, A SABER:"
"1529";"81";"Ato não identificado no assunto";"PROGRAMA SAÚDE NA ESCOLA - REESTRUTURAÇÃO ORGANIZACIONAL - DIRETRIZES GERAIS - ALTERAÇÃO - SUSOP/CGPPO 320/2006"
"1739";"92";"Ato não identificado no assunto";"OFÍCIO RECEBIDO - TRANSCRIÇÃO - AME/RJ - ALTERAÇÃO DE VALORES (MENSALIDADES)"
"1796";"95";"Ato não identificado no assunto";"ALTERA O ARTIGO 4º DO ATO NORMATIVO Nº 80, DE 03 DE MARÇO DE 2005 E DÁ OUTRAS PROVIDÊNCIAS. - ATO NORMATIVO TCE Nº 88, DE 18 DE JANEIRO DE 2007."
"1843";"98";"Ato não identificado no assunto";"ATRIBUIÇÃO DE FAIXA NUMÉRICA PARA A ESTRUTURA DO DEPARTAMENTO DE ADMINISTRAÇÃO E FINANÇAS DA SUBSECRETARIA DE ESTADO DE DEFESA CIVIL - DAF/CA 046/2007"
"1917";"102";"Ato não identificado no assunto";"PROGRAMA DE EXCELÊNCIA GERENCIAL - DIVULGAÇÃO - SUPAD 032/2007"
"2361";"125";"Ato não identificado no assunto";"DEVOLUÇÃO DE CHEQUE COM INSUFICIÊNCIA DE FUNDOS - ALERTA - DC/CEMS/SUBCMDO GERAL 021/2008"
"2396";"127";"Ato não identificado no assunto";"AVISOS, EDITAIS E TERMOS DE CONTRATO - PÁGINAS 16 E 18 - TERMO DE COOPERAÇÃO TÉCNICA QUE ENTRE SI CELEBRAM O ESTADO DO RIO DE JANEIRO, ATRAVÉS DA SECRETARIA DE ESTADO DE SAÚDE E DEFESA CIVIL, E A ----------, VISANDO À CONCESSÃO DE ESTÁGIOS."
"2403";"127";"Ato não identificado no assunto";"MEDIDAS DE CONTROLE HIGIÊNICO SANITÁRIO PARA SERVIÇOS DE ALIMENTAÇÃO DEZ PRIMEIROS PASSOS"
"2465";"131";"Ato não identificado no assunto";"ALTERA O ARTIGO 4º DO ATO NORMATIVO Nº 80, DE 3 DE MARÇO DE 2005. - ATO NORMATIVO Nº 100, DE 13 DE AGOSTO DE 2008"
"2467";"131";"Ato não identificado no assunto";"PARECER DA ASSESSORIA JURÍDICA (ASSEJUR) SOBRE PROPAGANDA DE CUNHO POLÍTICO DOS CANDIDATOS NO PLEITO ELEITORAL DE 2008 - ORIENTAÇÃO AO CBMERJ - PARECER ASSEJUR 865/200"
"2480";"132";"Ato não identificado no assunto";"ATO NORMATIVO Nº 100 , DE 13 DE AGOSTO DE 2008 - TRIBUNAL DE CONTAS (MODIFICANDO AS ÁREAS DE ATUAÇÃO DAS INSPETORIAS-GERAIS DA SUBSECRETARIA DE CONTROLE ESTADUAL - SUE)"
"2577";"136";"Ato não identificado no assunto";"APROVA O REGIMENTO INTERNO DA DIRETORIA GERAL DE DIVERSÕESDJ Nº 561, DE 08 DE DEZEMBRO DE 2008"
"2702";"143";"Ato não identificado no assunto";"VISTORIA NO LOCAL DO EVENTO FÓRUM URBANO MUNDIAL V - DETERMINAÇÃO - NOTA - BM/3 053/2009"
"2705";"143";"Ato não identificado no assunto";"MEDALHA MANOEL TENREIRO - DIRETRIZES GERAIS - INFORMAÇÃO - NOTA - DC/CEMS 177/2009"
"2719";"144";"Ato não identificado no assunto";"DISPÕE SOBRE A OBRIGATORIEDADE DO PREENCHIMENTO NO CAMPO DESPACHO DO SISTEMA - UPO. - PORTARIA RIOPREVIDÊNCIA/PRE Nº 151 DE 15 DE MAIO DE 2009"
"2943";"156";"Ato não identificado no assunto";"PROCEDIMENTOS A SEREM ADOTADOS PELOS DETENTORES DE CARGA AO TRANSFERIR OU ASSUMIR A RESPONSABILIDADE PELOS BENS PATRIMONIAIS DE UMA UNIDADE ADMINISTRATIVA DE CONTROLE - UAC - DETERMINAÇÃO - RATIFICAÇÃO - NOTA - DGPAT/ 005/2010"
"3071";"163";"Ato não identificado no assunto";"AVISOS, EDITAIS E TERMOS DE CONTRATOS - PÁGINA 33 SUBSECRETARIA DE DEFESA CIVIL CORPO DE BOMBEIROS MILITAR DO ESTADO DO RIO DE JANEIRO (TAXA DE INCÊNDIO)"
"3085";"163";"Ato não identificado no assunto";"DISPÕE SOBRE OS ATOS E DESPACHOS ADMINISTRATIVOS NO ÂMBITO DO FUNDO ÚNICO DE PREVIDÊNCIA SOCIAL DO ESTADO DO RIO DE JANEIRO - RIOPREVIDÊNCIA, E DÁ OUTRAS PROVIDÊNCIAS. - PORTARIA RIOPREVIDÊNCIA/PRE Nº 172 DE 21 DE MAIO DE 2010"
"3103";"164";"Ato não identificado no assunto";"CONVÊNIO QUE ENTRE SI CELEBRAM O TRIBUNAL REGIONAL ELEITORAL DO RIO DE JANEIRO - TRE/RJ E O GOVERNO DO ESTADO DO RIO DE JANEIRO."
"3161";"167";"Ato não identificado no assunto";"CRONOGRAMA DE ATIVIDADES PARA O DESENVOLVIMENTO DO PROJETO BOMBEIRO MIRIM 2º SEM/2010 - DIVULGAÇÃO - DGAC/SO 003/2010"
"3174";"168";"Ato não identificado no assunto";"MEDALHA MANOEL TENREIRO - DIRETRIZES GERAIS - INFORMAÇÃO - NOTA - DC/CEMS 454/2010"
"3449";"186";"Ato não identificado no assunto";"SOLICITAÇÃO DE DESINCORPORAÇÃO DE VIATURAS - RETIFICAÇÃO - NOTA DGPAT/DIV.PAT.MÓV, 038/2011"
"3511";"191";"Ato não identificado no assunto";"DELEGA COMPETÊNCIA AO SUPERINTENDENTE ADMINISTRATIVO DA SECRETARIA DE ESTADO DE DEFESA CIVIL PARA A PRÁTICA DOS ATOS QUE MENCIONA, E DÁ OUTRAS PROVIDÊNCIAS."
"3867";"221";"Ato não identificado no assunto";"PREVISÃO DE CURSOS DE ESPECIALIZAÇÃO E ESTÁGIOS - ANO LETIVO DE 2012 - DGEI/DIV. INST. 015/2012"
"4061";"239";"Ato não identificado no assunto";"PROJETO DE INGLÊS BÁSICO PARA INTEGRANTES DO CBMERJ - ALTERAÇÃO DE DATA"
"4071";"240";"Ato não identificado no assunto";"SUPORTE AOS USUÁRIOS DAS LINHAS FUNCIONAIS UTILIZADAS NA OPERAÇÃO DE PREVENÇÃO PARA CONFERÊNCIA DAS NAÇÕES UNIDAS SOBRE DESENVOLVIMENTO SUSTENTÁVEL/2012/RIO+20"
"4079";"240";"Ato não identificado no assunto";"SEMINÁRIO OPERACIONAL AVANÇADO DE SERVIÇO SOCIAL DO CBMERJ - ASSISTÊNCIA SOCIAL - CONVITE"
"4105";"243";"Ato não identificado no assunto";"EDITAL REGULADOR DO CONCURSO PÚBLICO PARA PROVIMENTO DE VAGAS NO CARGO DE SOLDADO BOMBEIRO MILITAR QUE SERÃO FUTURAMENTE CLASSIFICADOS NA QUALIFICAÇÃO DO QUADRO DE BOMBEIRO MILITAR PARTICULAR (QBMP) DE CONDUTOR E OPERADOR DE VIATURAS E FORMAÇÃO DE CADASTRO DE RESERVAS."
"4144";"247";"Ato não identificado no assunto";"INSTRUÇÃO DE CAPACITAÇÃO PARA OS BOMBEIROS MILITARES ESCALADOS NOS POSTOS DE SERVIÇO DE PREVENÇÃO CONTRA INCÊNDIO E PÂNICO NAS INSTALAÇÕES HOSPITALARES PÚBLICAS - RETIFICAÇÃO"
"4292";"259";"Ato não identificado no assunto";"FUNDAÇÃO DE APOIO DE APOIO AO CORPO DE BOMBEIROS - CIRCULAR RECEBIDA - TRANSCRIÇÃO"
"4327";"262";"Ato não identificado no assunto";"CONCURSO PÚBLICO PARA PROVIMENTO DE VAGAS NO CARGO DE SOLDADO BOMBEIRO MILITAR EDITAL REGULADOR DO CONCURSO PÚBLICO PARA PROVIMENTO DE VAGAS NO CARGO DE SOLDADO BOMBEIRO MILITAR QUE SERÃO FUTURAMENTE CLASSIFICADOS NA QUALIFICAÇÃO DE BOMBEIRO MILITAR PARTICULAR (QBMP) DE CONDUTOR E OPERADOR DE VIATURAS E FORMAÇÃO DE CADASTRO DE RESERVAS."
"4350";"265";"Ato não identificado no assunto";"CALENDÁRIO ANUAL DE ENSINO E INSTRUÇÃO - ANO LETIVO 2013 - ANEXO - REPUBLICAÇÃO"
"4418";"271";"Ato não identificado no assunto";"ERRATA DO ANEXO 4 (INSTRUÇÕES ESPECÍFICAS PARA OS CANDIDATOS À ABMDP II/CBMERJ) DO EDITAL DE CONVOCAÇÃO DO VESTIBULAR ESTADUAL/2013."
"4438";"272";"Ato não identificado no assunto";"AVISOS, EDITAIS E TERMOS DE CONTRATO - SECRETARIA DE ESTADO DE DEFESA CIVIL - PÁGINAS 21, 22, 23, 24 E 25 EDITAL PROCESSO SELETIVO PARA CONTRATAÇÃO TEMPORÁRIA EDITAL N º 02 - CEMADEN/SUOP/SUBSEDEC/SEDEC DE 11 DE JANEIRO DE 2013"
"4465";"275";"Ato não identificado no assunto";"DIRETRIZES PARA O LEVANTAMENTO PREVENTIVO DE EDIFICAÇÕES PARA A FISCALIZAÇÃO DE SEGURANÇA CONTRA INCÊNDIO E PÂNICO RELATIVAS AO SISTEMA DIRIGIDO PELA DGST"
"4498";"278";"Ato não identificado no assunto";"CURSO DE FORMAÇÃO DE AGENTES COMUNITÁRIOS DE DEFESA CIVIL - ORDEM DE SERVIÇO - 001/2013 - ESCOLA DE DEFESA CIVIL - SUOP/ESDEC 005/2013"
"4500";"278";"Ato não identificado no assunto";"CURSO DE APERFEIÇOAMENTO DE SARGENTOS (CAS/2013) E CURSO ESPECIAL DE FORMAÇÃO DE CABOS (CEFC/2013) - ALTERAÇÃO DE CALENDÁRIO - AUTORIZAÇÃO"
"4522";"280";"Ato não identificado no assunto";"CURSO DE FORMAÇÃO DE 21 AGENTES ESPECIALISTAS DE DEFESA CIVIL - ORDEM DE SERVIÇO - 002/2013 - ESCOLA DE DEFESA CIVIL - SUOP/ESDEC 007/2013"
"4679";"295";"Ato não identificado no assunto";"DESIGNA, RESPECTIVAMENTE, OS SERVIDORES ABAIXO, COMO RESPONSÁVEIS PELOS BENS PATRIMONIAIS EM USO NAS UNIDADES ADMINISTRATIVAS DE CONTROLE DO CORPO DE BOMBEIROS MILITAR DO ESTADO DO RIO DE JANEIRO, A SABER: BRUNO RIBEIRO DA SILVA, 3º SARGENTO BM Q11/98, RG CBMERJ Nº 24.346 - ID FUNCIONAL 02588178 - 7, UAC 16.04.154 - SUBCOMANDO-GERAL"
"4773";"304";"Ato não identificado no assunto";"SISTEMA DE SEGURANÇA CONTRA INCÊNDIO E PÂNICO - ENCAMINHAMENTO DE PROCESSOS DE FISCALIZÃO ÀS ÁREAS DAS SEÇÕES DE SERVIÇOS TÉCNICOS RECÉM ATIVADAS - COMPLEMENTAÇÃO - DETERMINAÇÃO - 142/2013"
"4906";"316";"Ato não identificado no assunto";"PROVAS PROFISSIONAIS INTERGRUPAMENTOS 2013 - DIRETRIZES - ALTERAÇÃO"
"5124";"336";"Ato não identificado no assunto";"DECRETO N º 44.594 DE 07 DE FEVEREIRO DE 2014 - DISPÕE SOBRE OS SERVIÇOS E ATIVIDADES DESENVOLVIDOS POR POLICIAIS MILITARES E BOMBEIROS MILITARES NAS PROMOTORIAS DE JUSTIÇA JUNTO À AUDITORIA MILITAR ESTADUAL."
"5207";"344";"Ato não identificado no assunto";"CONCURSO PÚBLICO PARA PROVIMENTO DE VAGAS NO CARGO DE CABO BOMBEIRO MILITAR TÉCNICO DE ENFERMAGEM - EDITAL 002/2014 - EDITAL REGULADOR DO CONCURSO PÚBLICO PARA PROVIMENTO DE VAGAS NO CARGO DE CABO BOMBEIRO MILITAR TÉCNICO DE ENFERMAGEM E FORMAÇÃO DE CADASTRO DE RESERVAS."
"5208";"344";"Ato não identificado no assunto";"CONCURSO PÚBLICO PARA PROVIMENTO DE VAGAS NO CARGO DE CABO BOMBEIRO MILITAR TÉCNICO DE ENFERMAGEM - EDITAL 002/2014 - EDITAL REGULADOR DO CONCURSO PÚBLICO PARA PROVIMENTO DE VAGAS NO CARGO DE CABO BOMBEIRO MILITAR TÉCNICO DE ENFERMAGEM E FORMAÇÃO DE CADASTRO DE RESERVAS."
"5209";"345";"Ato não identificado no assunto";"CONCURSO PÚBLICO PARA PROVIMENTO DE VAGAS NO CARGO DE SOLDADO BOMBEIRO MILITAR - EDITAL REGULADOR DO CONCURSO PÚBLICO PARA PROVIMENTO DE VAGAS NO CARGO DE SOLDADO BOMBEIRO MILITAR COMBATENTE E FORMAÇÃO DE CADASTRO DE RESERVAS."
"5224";"346";"Ato não identificado no assunto";"AVISOS, EDITAIS E TERMOS DE CONTRATO - SECRETARIA DE ESTADO DE DEFESA CIVIL - PÁGINAS 34 E 41 - CORPO DE BOMBEIROS MILITAR DO ESTADO DO RIO DE JANEIRO - RETIFICAÇÃO - D.O. DE 31.03.2014 - PÁGINA 49 - 3ª COLUNA EDITAL (ALTERAÇÃO DO ANEXO IV DO CONTEÚDO PROGRAMÁTICO DO EDITAL DO CONCURSO PARA TÉCNICO DE ENFERMAGEM)"
"5317";"355";"Ato não identificado no assunto";"SUSPENSÃO TEMPORÁRIA DE AQUISIÇÃO DE ARMA DE FOGO - CI/SI 625/2014"
"5385";"361";"Ato não identificado no assunto";"CONCURSO PÚBLICO PARA O CARGO DE CABO BOMBEIRO MILITAR TÉCNICO EM ENFERMAGEM - GABARITO DAS PROVAS"
"5386";"361";"Ato não identificado no assunto";"CONCURSO PÚBLICO PARA O CARGO DE SOLDADO BOMBEIRO MILITAR COMBATENTE - GABARITO DAS PROVAS"
"5413";"363";"Ato não identificado no assunto";"ESCALA DE OFICIAIS MÉDICOS DO SERVIÇO DE VERIFICAÇÃO DE ÓBITOS DA CAPITAL - DETERMINAÇÃO - NOTA DGCCO 1382014 (CONTATO DO OFICIAL MÉDICO DE SOBREAVISO)"
"5636";"383";"Ato não identificado no assunto";"NORMATIVA AGE Nº 29, DE 06 DE NOVEMBRO DE 2014. - ESTABELECE NORMAS DE ORGANIZAÇÃO E APRESENTAÇÃO DAS PRESTAÇÕES DE CONTAS DE BENS MÓVEIS INTEGRANTES DO PATRIMÔNIO DE ÓRGÃOS E ENTIDADES DA ADMINISTRAÇÃO PÚBLICA DO PODER EXECUTIVO DO ESTADO DO RIO DE JANEIRO."
"5743";"392";"Ato não identificado no assunto";"AVISOS, EDITAIS E TERMOS DE CONTRATO - SECRETARIA DE ESTADO DE DEFESA CIVIL - PÁGINAS 27 E 50 (CALENDÁRIO DOS EXAMES ESPECÍFICOS DO CONCURSO PÚBLICO PARA O CURSO DE FORMAÇÃO DE OFICIAIS DA ACADEMIA DE BOMBEIRO MILITAR D. PEDRO II/2015)"
"5757";"394";"Ato não identificado no assunto";"PORTARIA RIOPREVIDÊNCIA/PRE Nº 270 DE 22 DE DEZEMBRO DE 2014 - DESIGNA SERVIDORES PARA FINS QUE MENCIONA, E DÁ OUTRAS PROVIDÊNCIAS. (CRIAR AS SUBUNIDADES DE CONTROLE PATRIMONIAL POSTOS CBMERJ CENTRO E MÉIER)"
"5844";"401";"Ato não identificado no assunto";"SOLENIDADE DE HASTEAMENTO DO PAVILHÃO NACIONAL NO PÁTIO DO QCG - PUBLICAÇÃO - GAB/CMDO-GERAL 061/2015"
"5866";"403";"Ato não identificado no assunto";"VESTIÁRIO DOS PRAÇAS DO QCG - CADASTRAMENTO E UTILIZAÇÃO DOS ARMÁRIOS - ALTERAÇÃO"
"5875";"404";"Ato não identificado no assunto";"EDITAL DO CONCURSO PÚBLICO PARA PROVIMENTO DE VAGAS NO CARGO DE SOLDADO BOMBEIRO-MILITAR GUARDA-VIDAS E FORMAÇÃO DE CADASTRO DE RESERVAS."
"5892";"406";"Ato não identificado no assunto";"DECLARAÇÃO DE RENDIMENTO - MILITARES E CIVIS - DISTRIBUIÇÃO - DGAF/CRH 003/2015"
"5904";"407";"Ato não identificado no assunto";"VISITA DE AVALIAÇÃO DO ESTADO-MAIOR GERAL - BM/4 - DIRETRIZES"
"5920";"408";"Ato não identificado no assunto";"ESTRUTURA DO CBMERJ - TORNAR SEM EFEITO EXTINÇÃO DE DIRETORIA E TRANSFERÊNCIA DE SUBORDINAÇÃO - PERMANECE NO CBMERJ A DIRETORIA-GERAL DE COMANDO E CONTROLE DE OPERAÇÕES (DGCCO)"
"6035";"418";"Ato não identificado no assunto";"PROJETO DE FORTALECIMENTO DA ESTRUTURA DE TREINAMENTO E CAPACITAÇÃO DO CENTRO DE INSTRUÇÃO ESPECIALIZADA DE BOMBEIROS - GABINETE DE GESTÃO DE PROJETOS - CONVOCAÇÃO"
"6083";"422";"Ato não identificado no assunto";"PROVA DE HABILIDADE ESPECÍFICA DO CONCURSO PARA BOMBEIROS GUARDA VIDAS - ORDEM DE SERVIÇO - GAB/CMDO-GERAL 262/2015"
"6097";"423";"Ato não identificado no assunto";"CLUBE DOS SUBTENENTES E SARGENTOS BOMBEIROS/RJ - INFORMATIVO RECEBIDO - TRANSCRIÇÃO"
"6121";"426";"Ato não identificado no assunto";"DECRETO DE 23 DE JULHO DE 2015 (DESIGNAÇÃO DO SR CEL BM SARAIVA PARA SUBSTITUIR O SECRETÁRIO DE ESTADO DE DEFESA CIVIL)"
"6122";"426";"Ato não identificado no assunto";"DECRETO DE 23 DE JULHO DE 2015 (DESIGNAÇÃO DO SR CEL BM ROBADEY PARA SUBSTITUIR O COMANDANTE-GERAL DO CBMERJ)"
"6123";"426";"Ato não identificado no assunto";"RETIFICAÇÃO D.O. DE 20.03.2014 PÁGINA 45 - 1ª COLUNA EDITAL CONCURSO PÚBLICO PARA PROVIMENTO DE VAGAS NO CARGO DE SOLDADO BOMBEIRO MILITAR GUARDA-VIDAS E FORMAÇÃO DE CADASTRO DE RESEVAS."
"6155";"429";"Ato não identificado no assunto";"AVISOS, EDITAIS E TERMOS DE CONTRATO - SECRETARIA DE ESTADO DE DEFESA CIVIL - PÁGINAS 20, 29 E 30 CORPO DE BOMBEIROS MILITAR DO ESTADO DO RIO DE JANEIRO EDITAL (O COMANDANTE-GERAL, ATENDENDO À SOLICITAÇÃO DA COMISSÃO DE CONCURSO, CONVOCA 400 (QUATROCENTOS) CANDIDATOS CLASSIFICADOS POR ORDEM DECRESCENTE DE GRAU OBTIDO NO EXAME INTELECTUAL, SENDO 200 (DUZENTOS) CANDIDATOS COTISTAS E 200 (DUZENTOS) CANDIDATOS AMPLA CONCORRÊNCIA, EXATAMENTE APÓS OS ÚLTIMOS ANTERIORMENTE CONVOCADOS, PARA O PREENCHIMENTO DE VAGAS DE SOLDADO BOMBEIRO MILITAR GUARDA-VIDAS E FORMAÇÃO DE CADASTRO DE RESERVA)"
"6156";"429";"Ato não identificado no assunto";"CORPO DE BOMBEIROS MILITAR DO ESTADO DO RIO DE JANEIRO RETIFICAÇÃO DOERJ DE 04.08.2014 PÁGINA 20 - 2ª COLUNA NOVA CONVOCAÇÃO PARA PREENCHIMENTO DE VAGAS RESERVADAS A CANDIDATOS COTISTAS. (GUARDA-VIDAS)"
"6185";"432";"Ato não identificado no assunto";"AVISOS, EDITAIS E TERMOS DE CONTRATO SECRETARIA DE ESTADO DE DEFESA CIVIL - PÁGINAS 19, 21 E 22 CORPO DE BOMBEIROS MILITAR DO ESTADO DO RIO DE JANEIRO RETIFICAÇÃO D.O. DE 14.08.2014 PÁGINA 29 - 2ª COLUNA CONCURSO PÚBLICO PARA PROVIMENTO DE VAGAS NO CARGO DE SOLDADO BOMBEIRO MILITAR GUARDA-VIDAS E FORMAÇÃO DE CADASTRO DE RESEVAS. EDITAL COMPLEMENTAÇÃO DA NOVA CONVOCAÇÃO PARA PREENCHIMENTO DE VAGAS E CADASTRO DE RESERVA"
"6195";"433";"Ato não identificado no assunto";"AVISOS, EDITAIS E TERMOS DE CONTRATO SECRETARIA DE ESTADO DE DEFESA CIVIL - PÁGINAS 39 E 45 CORPO DE BOMBEIROS MILITAR DOESTADO DO RIO DE JANEIRO RETIFICAÇÃO D.O. DE 03.09.2015 PÁGINA 22 - 1ª COLUNA EDITAL CONCURSO PÚBLICO PARA PROVIMENTO DE VAGAS NO CARGO DE SOLDADO BOMBEIRO MILITAR GUARDA-VIDAS E FORMAÇÃO DE CADASTRO DE RESERVAS. COMPLEMENTAÇÃO DA NOVA CONVOCAÇÃO PARA PREENCHIMENTO DE VAGAS E CADASTRO DE RESERVA"
"6348";"446";"Ato não identificado no assunto";"CERIMÔNIA RELIGIOSA - AÇÃO DE GRAÇAS PELO DIA DO PATRONO DO CBMERJ - BENÇÃO DOS CONCLUDENTES DO CURSO DE FORMAÇÃO DE OFICIAIS E DAS ESPADAS - DIRETRIZES GERAIS - PUBLICAÇÃO"
"6404";"451";"Ato não identificado no assunto";"ALOJAMENTO OU PERNOITE DE MILITARES NO CFAP - PROCEDIMENTOS PARA AUTORIZAÇÃO - NOTA/CFAP/DIV ADM 11/2016"
"6415";"452";"Ato não identificado no assunto";"EMENDA CONSTITUCIONAL Nº 63, DE 2015 QUE DISPÕE SOBRE A LICENÇA ÀS SERVIDORAS E FUNCIONÁRIAS PÚBLICAS EM CASO DE PERDA GESTACIONAL E DE NASCIMENTO PREMATURO, NOS TERMOS QUE MENCIONA. ATOS DO PODER LEGISLATIVO - DOERJ"
"6423";"453";"Ato não identificado no assunto";"SERVIÇO DE ASPIRANTES A OFICIAL NAS UNIDADES OPERACIONAIS NO CBMERJ - DETERMINAÇÃO - CHEMG 173/2016"
"6424";"453";"Ato não identificado no assunto";"SERVIÇO DE TRANSPORTE COMPLEMENTAR DE SAÚDE - DIRETRIZES GERAIS - PUBLICAÇÃO - GAB/SEDEC 058/2016"
"6532";"463";"Ato não identificado no assunto";"NORMAS PARA PLANEJAMENTO E CONDUTA DA INSTRUÇÃO (NPCI/2017) - PUBLICAÇÃO - NOTA/DI/DIV.INST 001/2017"
"6701";"481";"Ato não identificado no assunto";"I - Heráldica do Escudo da Diretoria de Diversões Públicas (DDP)"
"6724";"484";"Ato não identificado no assunto";"PADRONIZAÇÃO DE PROCEDIMENTOS ADMINISTRATIVOS DAS SEÇÕES DE SERVIÇOS TÉCNICOS:"
"6746";"486";"Ato não identificado no assunto";"CRIA O CONSELHO ESTADUAL DE PROTEÇÃO AOS ANIMAIS DO ESTADO DO RIO DE JANEIRO - CONEPA O GOVERNADOR DO ESTADO DO RIO DE JANEIRO"
"6756";"487";"Ato não identificado no assunto";"DECRETO DE 30 DE MAIO DE 2018 O INTERVENTOR NA ÁREA DE SEGURANÇA PÚBLICA DO ESTADO DO RIO DE JANEIRO"
"6783";"490";"Ato não identificado no assunto";"APROVA A GRADE CURRICULAR E AS EMENTAS DAS DISCIPLINAS DO CURSO DE FORMAÇÃO DE OFICIAIS (CFO), NA FORMA QUE MENCIONA; E DÁ OUTRAS PROVIDÊNCIAS."
"6836";"496";"Ato não identificado no assunto";"INSTITUTO VITAL BRAZIL S/A EXTRATO DE TERMO INSTRUMENTO: TERMO DE COOPERAÇÃO TÉCNICA. PARTES: INSTITUTO VITAL BRAZIL S/A E INSTITUTO ESTADUAL DE ENGENHARIA E ARQUITETURA. OBJETO: Estabelecer as formas e condições pelas quais os partícipes reunirão seus esforços, recursos e competências para a realização conjunta de atividades visando a confecção pelo IEEA de Projeto Básico Contra Incêndio e Pânico doravante denominada de PBCIP, desenvolvido segundo parâmetros definidos pelo Corpo de Bombeiros Militar do Estado do Rio de Janeiro (CBMERJ) com a devida aprovação do referido projeto no órgão competente e do Plano de Emergência Contra Incêndio e Pânico, doravante denominado de PECIP, a ser desenvolvido posteriormente, após a aprovação do PBCIP no CBMERJ, ambos do campus sede do IVB localizado na Rua Maestro José Botelho, 64, Bairro Vital Brazil no Município de Niterói. PRAZO: 24 (vinte e quatro) meses, a partir de 11/07/2018. PROC IVB N° E-08/005/000.800/2017. DATA DA ASSINATURA: 11/07/2018."
"6860";"498";"Ato não identificado no assunto";"DECRETO CONJUNTO Nº 01 DE 12 DE NOVEMBRO DE 2018. INSTITUI, SEM AUMENTO DE DESPESA, O CÔMITE INTEGRADO DE SEGURANÇA TURÍSTICA - COSETUR, E DÁ OUTRAS PROVIDÊNCIAS"
"7462";"559";"Boletim/data não identificados";"EDITAL O COMANDANTE GERAL DO CORPO DE BOMBEIROS MILITAR DO ESTADO DO RIO DE JANEIRO, no uso de suas atribuições e consoante ao disposto no Edital do Concurso Público para Admissão no cargo de Soldado Bombeiro Militar Guarda-Vidas, publicado no DOERJ do Poder Executivo nº 49, de 20 de março de 2015, bem como ao processo de autorização de novas vagas publicado no DOERJ do Poder Executivo nº 141, de 30 de julho de 2019, e a relação de candidatos convocados e indicados a matrícula no curso de formação publicado no DOERJ n° 168 de 05 de setembro de 2019, TORNA PÚBLICO O CÔMPUTO DAS VAGAS NÃO PREENCHIDAS, em conformidade com o Calendário de Atividades publicado no DOERJ nº 143, de 01 de agosto de 2019 173, de 17/092019"
"7499";"563";"Boletim/data não identificados";"DECRETO Nº 46.785 DE 10 DE OUTUBRO DE 2019 DISPÕE SOBRE O EXPEDIENTE NAS REPARTIÇÕES PÚBLICAS ESTADUAIS PARA A COMEMORAÇÃO DO DIA DO SERVIDOR PÚBLICO, E DÁ OUTRAS PROVIDÊNCIAS. 191, de 11/010/2019"
"6871";"499";"Ato não identificado no assunto";"DECRETO DE 01 DE JANEIRO DE 2019 O GOVERNADOR DO ESTADO DO RIO DE JANEIRO, no uso de suas atribuições constitucionais e legais, RESOLVE: NOMEAR ROBERTO ROBADEY COSTA JUNIOR, ID FUNCIONAL Nº 2602388-1, para exercer o cargo em comissão de Secretário de Estado, símbolo SE, da Secretaria de Estado de Defesa Civil e Corpo de Bombeiros Militar"
"6876";"500";"Ato não identificado no assunto";"PORTARIA RIOPREVIDÊNCIA N° 347 DE 02 DE JANEIRO DE 2019 DELEGA COMPETÊNCIA PARA AUTORIZAÇÃO DE PAGAMENTOS, E DÁ OUTRAS PROVIDÊNCIAS."
"7168";"528";"Ato não identificado no assunto";"PLANEJAMENTO ESTRATÉGICO DO CBMERJ - SISTEMA DE CONTROLE DE ESTOQUE DE COMBUSTÍVEIS – LANÇAMENTO – META CONJUNTA DO ESTADO-MAIOR GERAL, DIRETORIAGERAL DE APOIO LOGÍSTICO E ASSESSORIA DE INFORMÁTICA – MANUAL EM ANEXO - NOTA CHEMG_426/2019"
"7329";"544";"Ato não identificado no assunto";"TERMOS DE CONTRATOS - PÁGINAS 24 E 26 SECRETARIA DE ESTADO DE DEFESA CIVIL CORPO DE BOMBEIROS MILITAR DO ESTADO DO RIO DE JANEIRO EXTRATO DE TERMO INSTRUMENTO: Termo de Ajustamento de Conduta (TAC nº 013/19). PARTES: Corpo de Bombeiros Militar do Estado do Rio de Janeiro - CNPJ: 28.176.998/0004-41, a Diretoria-Geral de Serviços Técnicos - CNPJ: 28.176.998/0004-41 e a Superintendência de Desporto do Estado do Rio de Janeiro - CNPJ: 29.366.580/0001-17."
"7364";"548";"Ato não identificado no assunto";"EDITAL - O COMANDANTE GERAL DO CORPO DE BOMBEIROS MILITAR DO ESTADO DO RIO DE JANEIRO, no uso de suas atribuições e consoante ao disposto no Edital do Concurso Público para Admissão no cargo de Soldado Bombeiro Militar Guarda-Vidas, publicado no D.O. do Poder Executivo nº 49, de 20 de março de 2015, e, bem como ao processo de autorização de novas vagas publicado no D.O. do Poder Executivo nº 141, de 30 de julho de 2019, torna público o Calendário de Atividades para o preenchimento das novas vagas autorizada."
"7368";"549";"Ato não identificado no assunto";"EDITAL O COMANDANTE GERAL DO CORPO DE BOMBEIROS MILITAR DO ESTADO DO RIO DE JANEIRO, no uso de suas atribuições e consoante ao disposto no Edital do Concurso Público para Admissão no cargo de Soldado Bombeiro Militar Guarda-Vidas, publicado no D.O. do Poder Executivo nº 49, de 20 de março de 2015, e, bem como ao processo de autorização de novas vagas publicado no D.O. do Poder Executivo nº 141, de 30 de julho de 2019, torna público a Convocação dos Candidatos do Cadastro de Reservas para reunião e orientações gerais das novas vagas autorizadas"
"7401";"553";"Ato não identificado no assunto";"ATO DO COMANDANTE-GERAL DE 06.08.2019 DISPENSA o 2º Sargento BM Q00/00 EDVALDO PACHECO WEBER, RG 27.519 - ID Funcional nº 2636054-3, de Gestor pelos Bens Patrimoniais em uso na Unidade Apoiada - UA 16.04.150 (BM/1) QCG. DESIGNA o Cabo BM Q00/08 GIOVANNI DE ARAUJO"
"7407";"553";"Ato não identificado no assunto";"EDITAL O COMANDANTE GERAL DO CORPO DE BOMBEIROS MILITAR DO ESTADO DO RIO DE JANEIRO, no uso de suas atribuições e consoante ao disposto no Edital do Concurso Público para Admissão no cargo de Soldado Bombeiro Militar Guarda-Vidas, publicado no D.O. do Poder Executivo Nº 49, de 20 de março de 2015, e bem como ao processo de autorização de novas vagas publicado no D.O. do Poder Executivo Nº 141, de 30 de julho de 2019, TORNA PÚBLICO O RESULTADO PRELIMINAR DA AVALIAÇÃO DO ESTADO DE SAÚDE, em ordem de classificação, dos candidatos convocados do Cadastro de Reservas, em conformidade com o Calendário de Atividades publicado no D.O. nº 143, de 01 de agosto de 2019"
"7569";"570";"Ato não identificado no assunto";"SUSPENSÃO DE PRAZOS - REGIME DIFERENCIADO - DETERMINAÇÃO - NOTA - CI/JD/1637/2019"
"7570";"570";"Ato não identificado no assunto";"PORTARIA CONJUNTA RIOPREVIDÊNCIA/CBMERJ/ PMERJ Nº 80 DE 16 DE DEZEMBRO DE 2019 INSTITUI A COMISSÃO MISTA DE ANÁLISE DA PL n° 1645/2019."
